y_true,outer_cv_prediction
16.464457500125175,16.53587628738078
10.92409842002366,10.607700141138048
-0.4284473874165411,0.20728653398712882
3.733866237431092,3.1124091365359883
3.887280508066871,5.173238512371549
8.358215271621141,7.97913907834583
-0.5460449189445176,-0.4036436278874662
-0.0399346153773421,0.36150505034961333
1.7395528276305214,1.146270896152917
0.9630016157545054,0.41462555805995005
-0.5928329966116724,0.23282706322394597
4.388401930816892,4.273927105653327
-9.683486131365663,-9.540210510090507
2.808659178199778,3.8453098773172387
10.442391481299602,10.135659695466783
5.072479713303103,5.530532941296837
1.023869617084347,1.4413919951957723
-0.492905681624428,-0.5163811687439468
5.74380047707871,4.094476605122238
6.301791355297782,6.077616539155791
0.8718991169883248,1.4737980231643102
6.831317924464996,7.615702667563948
1.5115800874072671,0.8326515521514208
0.433595528529213,0.5657596700469176
14.617058109767164,15.06212938166492
0.5857531857593152,0.21511025030981834
-14.206079976911456,-13.455921354401626
-1.535616249465233,-0.29603825662573025
1.248704653215014,1.3446552922123938
7.48952008558379,7.330107392378753
-3.528497664884416,-3.065994047903042
-1.6049706677923363,-0.8603362546930593
4.32456456932822,4.916073584421035
-7.7536449586498195,-6.876465553302172
1.0988623958332977,1.0686717140703852
2.454721556245681,2.219745650925806
-1.4689581305296966,-1.3740347058022748
-16.41932762163047,-17.078456505584477
3.15411134998699,2.079821137236219
1.044601650753321,0.12728087543261246
5.8160487115871415,6.104878301938664
-5.185219789408412,-5.74043622698267
-1.561864133803177,-2.0802770859995143
0.9555051644263268,0.9722242754071442
4.997277053549857,4.735825486319795
-3.8511732232080016,-3.5732688494089904
2.331276846537057,2.3375565677777597
0.8243887322502743,1.159193255947662
-6.88295228510814,-6.9208935929614
0.3227098277083604,0.48279148228402
3.801102065894951,4.222979151641898
8.398953400130575,8.513113450673869
-0.28303943879845,-0.2292849588057706
-4.393284856198509,-4.768781862413629
0.159913581848115,0.7946133042471719
-2.740092792663189,-3.5245495322355667
2.7489260180181208,3.261597989920515
1.2918452306629606,1.5955019740847396
-7.171530092990558,-6.426279759843215
-1.1438935186316894,-0.808409800266368
2.85138502493043,3.2363894441052783
7.517749616723076,7.5299476195433055
-6.896548696628842,-7.432790998361705
2.804351639453494,2.3051057078724595
2.246106735105137,1.1847510827513743
8.39041032293943,6.591355743729938
0.9855978475762016,0.8989848700126581
-2.548769555517469,-2.354173127187998
1.657722047672812,2.3864567643671144
-0.4662374168943386,0.009440464794523429
-7.872762348293459,-8.452683758179441
8.583786162198146,8.646310565792144
-1.146244278129361,-0.7650997765260494
-3.239673901957589,-3.142162311748154
9.081598710848873,8.151720020783669
-2.394020396695125,-1.868105854046202
-3.8621009846925936,-3.7325443164403853
11.641038474984455,10.764168518772262
0.6912712859901292,0.45216561454775395
-3.087055762095285,-3.035492975829176
-0.2139704896387779,0.24084161535187487
-3.352963324372035,-4.049169934690575
10.359702199559084,10.145013364097249
0.210365272370971,0.6376941699463583
24.761838333257373,24.637551460737793
6.999983240065051,7.503594400415597
1.9416332080958407,2.3213042767866234
-0.2094419045539336,-0.45118184722813925
2.134053499757461,0.716656633857887
-3.4966471745582903,-3.2044220562685006
2.217615876974847,1.3288169356872086
14.104905491315252,13.038280840363589
-5.853300059465003,-6.457679064103271
-2.197553185295257,-2.5135331783013624
-6.113438855584032,-6.013621230266875
2.448267088981111,2.6839844481417656
7.258945943582481,6.649766132411379
1.76770593748225,1.401548599278861
-2.245200500059867,-2.6949305485931077
19.207304124019057,19.748518506246615
7.092211746510386,7.373859647157556
3.6693925077776783,3.669642817217811
6.506095438019585,7.23607029370109
1.9296279529467044,2.0361282898832633
-1.1952323999090892,-0.9160123344979523
-3.889396184187598,-3.8119482300987237
5.774425208701323,7.188654653425832
-1.429212478373615,-0.5539936913605747
7.960128765044285,7.413758360730158
3.149125515667748,2.9915339575612165
2.0762132417967525,2.403974042669962
-1.3788068413886,-1.93153301486843
-4.581483569222316,-4.447755224091894
6.516237848104155,6.9887162196945045
0.0598031622563753,-0.12076805841643212
-1.4642080474589227,-0.3451843939900252
2.4400011432093773,3.4439393744216487
-2.14945994474958,-1.9026061083636465
-1.2298557609021072,-2.0532926322877256
12.94259655528076,13.507609731616245
0.4182345762147529,0.27134309020896086
-0.7022751014145825,-1.144149012579796
1.8525159139835976,1.4928410397736642
-9.306819899606433,-9.185848802304882
-0.1549063360993974,0.16714259599718373
1.801603160339757,1.1205823526209175
0.9103194135620436,0.7060407274883373
5.417108328033598,6.053631566395083
2.5936638963460577,3.9730000814613198
13.597935376558208,13.924358117931773
1.4895890993894705,0.936641405940813
15.665290180651589,16.137447606715533
-0.1325416252235062,-0.30414806552189466
-0.6268895002370328,-0.6244719619136934
1.463232269506719,1.5993549359265966
5.3533569612013,5.302192360244527
4.323678539754849,4.380709651516204
-0.0110619501851226,0.5287744098585272
-1.698666436837509,-1.2308370184012785
0.7195838377398512,1.7376866432683293
-1.150773927800609,-0.9216733890421867
-1.7291747501927128,-2.1953360851683494
9.743940672141228,9.462815766780988
-1.601569476679925,-0.730451983579766
13.78082825932658,14.200106985867446
2.4819330773515924,1.275581989724008
-7.473046404471754,-7.757282315142707
0.3926082403938213,-0.03165956300445272
-7.397160018146888,-7.761929152205777
6.592184092929208,6.684336344952769
-17.15344741397561,-16.776565579463398
11.710264540809616,11.445446542298617
8.019947192385974,7.636030883286752
2.895292148330235,2.233165678405678
1.1022347242024098,1.014460945557821
1.504139101460321,1.099200611123281
3.2851374606340364,3.7429360860121843
8.604540700816356,8.435472490651515
0.6805104496239301,0.8862634921227359
-2.231473918156695,-1.771942550898539
3.0824415129432814,3.4915182897832655
3.9162090818568585,4.627176112969099
15.47200939011474,15.498153090667058
-16.299695497631312,-16.685136382487876
1.5777703768173663,2.4961754964068037
1.6996963618720975,1.7090461887420332
6.711508198235513,6.900112353998955
3.929384807497439,3.221864101792593
-2.082946995412769,-1.58185237059641
1.3845275053230968,0.8836192033814201
0.3547056349212973,0.8341576818944285
4.997810097929754,5.000095033313375
7.543692070517215,8.372390221673491
0.9289220865454322,0.49892236837270376
2.4387555939811154,2.6203278789272493
7.478726314677605,6.984129478638678
-0.3267707579618263,-0.1092314226109381
1.1977783743298072,1.7377543411392156
1.3415882934889174,0.9831129825853167
-4.238797327585046,-3.594782741448024
9.994497267340368,9.506422257129227
7.902915228781663,7.767604133578171
-4.207903067369304,-3.9207986917594044
0.6300724338224516,0.3421481816058014
12.13960588120954,12.081892035388433
5.473901362028317,5.5148939778332995
1.1509848648164684,0.9496643319802223
9.629191718008409,9.496298862946293
2.701327302629108,1.7562073583450997
5.089486564778319,4.31359789639847
-19.515214307908835,-20.10923112107642
-0.3803051180263196,0.6238833393387933
-6.309704161700537,-7.1604160200511675
1.1272586428035996,0.4782124327798065
3.1756215067570364,2.907513540781936
10.848113442881925,10.754217662846234
0.2151737443972629,0.5432385099252501
-2.672670975247269,-2.8807557700003072
0.9559111698613854,0.6544473485012869
1.237426330517126,1.257134304357345
-0.7312873626850676,-1.2334452425074294
-1.2887207986729172,-1.2656124298000933
8.1034174966761,7.934266602113215
2.958027910721782,2.627194882238079
0.7029305388005787,0.3240424324389437
-0.0911043997751337,-0.9902596271486228
0.53855476974798,0.34939974138857344
0.7743579513848402,-0.06662542358044954
1.2795622038606664,0.48479160411263367
-0.535409713871575,0.09182436757314738
-0.4564367273442639,0.042308663881629016
-1.9005444530819369,-1.0021793119683866
6.527139068245662,6.74098925325257
-5.2497661559088185,-6.1777721690059995
8.248380103187475,9.228795702843554
-3.258661604895247,-3.1496246134454844
2.535443514161052,2.943371507988732
0.2036215724380496,0.1522399636938121
-6.874530299045147,-6.923262233872622
19.689014683437406,19.839575202046746
1.2632064470244,1.4861201568638585
2.155930662363866,1.7642114716497412
10.176933551336871,10.02538022387894
0.1449050406263103,0.3976353983333536
1.2527727785943246,1.2130982259935101
-1.0467852658055878,-1.495324426971706
-1.444677088554035,-1.9905923655421467
-1.745671506416873,-2.471423862460528
2.4464132009945048,2.402818870209103
-1.3444388646462009,-1.1383746318574102
-0.1668443865331165,-0.36757103691028403
-7.557788271562543,-7.486912095008746
16.973932957518784,17.127965055237148
-0.9016237942707788,-0.2178455702417459
-0.1792918651410101,0.130511931290052
-4.910528985318155,-4.989819671910272
-11.345433666834785,-10.8143512164042
-15.891540664073167,-16.408750522923206
-3.200069966621337,-3.1097029226273167
0.255057176003141,-0.5615552899451846
-3.563167770456839,-3.1249929961397447
1.6466018883067537,1.0826188649152149
7.406286791467588,7.470526484609252
-0.6342298365002292,-1.0048391251381288
0.7559882878117249,0.9380064673848181
1.0079896498293572,0.7751516860759051
0.7205700799917114,0.624861698052017
-2.643125885621834,-2.8826065555672504
-0.6227444006764253,-0.9747320023963781
-1.8896600576374951,-1.1660830847351464
-5.551670678955718,-5.001542707997322
11.249670059036252,11.143772537140348
1.306643584392596,0.8622831157335922
1.263092998617755,1.4786254426342769
12.308169295957148,12.334294181389414
7.433840920942625,8.010571912661902
-9.052581193527702,-9.442450667490464
-7.139452953877368,-6.871534152063244
5.859757932072532,5.7702762148019
-2.652275668752292,-1.9380720135470235
-0.8395021159037537,-0.6326151666902446
0.4871711446803389,0.4723118214477371
-4.096299806872873,-2.8234367601167674
7.46620904132389,7.70100024593849
0.9149443614858614,0.8068326941810398
-0.3950633264507208,-0.1839450718857325
6.231220052300444,6.391055129981105
1.6976291574468785,1.7253915916670362
0.5088369663503405,0.9844347241196738
0.5792378758922531,0.34898837372334524
8.287777356902398,7.584603648595013
13.875478726326072,13.400585123143125
0.798652174528981,0.41568196120527334
-17.516215070910736,-17.438975552674346
1.2472675458541729,0.964045459981151
0.9849229261181364,1.2322442866463519
-2.300836933645363,-2.306140961903131
16.998087563356236,16.632959972789386
6.127052573427064,5.6201822467078495
16.516397060915228,16.350871409021188
1.290462306789935,1.163113540450495
2.782529072408114,1.901276129836989
-1.993566979805879,-2.5508985087528813
9.212374595740156,9.102933394719594
0.2191723037384283,0.4694273983412305
3.729265982411411,3.7581998212249634
6.79815833177903,6.826285653645839
0.8603705804742308,0.7556951799704892
0.3747903091902185,0.34722650092514074
-0.5908506448326214,-0.029250558914323932
13.002618765782676,13.588112973370192
-9.26954340799621,-8.367265680567124
3.4238504566566355,3.237241940004493
0.1575140548405443,0.2904046858175966
-1.0223441822570771,-0.6366526238715502
5.924707376461938,6.787125548213735
3.05792363345683,2.5532101399828964
0.8017967429948115,0.8898693348130167
-5.252515764876315,-4.708220217263657
2.091378871706514,2.85354227878467
-0.648207717885324,-0.26329292294278384
1.3304978055818832,1.1100501784252967
-2.31598699721171,-2.6694601273853373
3.238547176886641,2.8407626779375694
1.7641156055910607,1.8987019836893846
-2.024866252584564,-2.631432565659624
5.990861049598253,6.659909396759026
-2.268430400226148,-1.6525233407816664
3.7371541975476417,3.776334483678993
-1.1633125695548736,-0.9363213662398766
1.883849485523836,1.513824974190754
-4.205631303816385,-3.891239415039881
3.8968156428981375,1.636591787341768
13.936040727314529,13.099838309318754
1.541917830250085,0.9535127151486757
8.994889413698838,8.592576463435613
-4.025687024395615,-4.073540916414229
8.905818625213938,8.463511166330946
1.2687287706400583,1.0656482628690696
0.0443945138943246,-0.39809165656854173
0.5448112446959282,0.7842171591252369
0.168031917382368,0.6067469023115506
-3.763582868489076,-3.1145329855502983
20.946247350834923,21.18264825638657
-0.5423034765288816,-0.3499956248533973
5.832962414621753,5.836968805566528
7.007855129045257,6.608042689977136
-3.2986124085739457,-2.5979234663324515
8.334982991189754,8.302733757207927
3.5362297670923226,3.7670536338610154
-0.5935545215506172,-0.38413745374514274
-4.1074122033658895,-3.2110156907909193
1.6043760155576663,1.614448993547113
0.3071130156062871,-0.13369827214490382
0.4089682455635719,0.43203650400935145
7.189779738646022,8.606863095990722
9.941116980287026,10.668878063713368
2.816369459206723,2.7112790132717075
8.255157697774555,9.310377676465926
27.64531765490716,28.455947557937126
-4.113850513908709,-3.406621396878151
0.3872241417993508,0.7628442854381572
7.728603839542385,7.296309875906388
-5.974498548204101,-5.770747507935539
18.218278433920982,17.058715981882713
3.974887761936478,4.977519337788264
0.6985534815138915,1.2964376711252097
5.830444421458696,5.064956730210087
-1.2131079302533376,-1.6260907374940756
-3.3877172726616718,-3.630997641567625
-2.477507750480549,-2.683617122531352
-1.4619431611004376,-1.4905804482411407
2.7128388380249158,2.6528487964302108
0.8223180150812935,1.321356329519385
8.79790490819894,7.868137802017872
21.70499065613384,21.882405372870444
-9.21792825279838,-8.367265680567124
3.2206902017378165,2.8452974009774374
0.4082692505257913,0.3837971350774698
8.543142665611864,8.501160392080838
1.4128266997133123,1.4899727671846494
-1.9493290612155063,-1.1908630207294006
-3.5551208975086235,-3.1667165794812977
1.9586717027103504,0.9778661695061444
-1.074782776972759,-0.8484338438574959
9.64325112231663,9.104171342956734
13.304083137720678,13.206103173008325
6.763295745038567,5.664877281838345
5.119598778807212,4.939107366913275
11.943984745912234,11.782227598413584
-4.197274282644494,-3.87838740543245
-0.2757332417710113,-1.0993657635991534
-1.931848196380195,-1.3542119071665928
-3.4404930024940543,-3.8048663191857597
5.558777757364941,5.835938588006698
6.1706268230332055,6.511575913748114
-8.908962469139224,-9.326526309719725
-1.377543412216899,-1.6300739846880323
1.267647917603489,1.6347140324792966
7.108154490594613,7.365620138915009
-0.7247377893036682,-1.1742716759806533
-1.8819705949445935,-1.6265930561408855
8.071729348127262,7.574311112220938
1.4606125833470611,1.0426678629070751
3.5174929006149074,3.2095094100164836
2.5515373690553127,2.815233820607178
5.279885113375342,6.266428206445145
-5.282957179333359,-4.939560100359341
0.9864373231673412,0.5072515699447322
5.76244403235984,4.386485011305016
0.281916622390998,-0.052962476540741044
0.9164034722242386,0.9168129552254065
2.2488551541129,2.053970678676648
-2.328045243016569,-2.813999309583292
0.1834220243187886,-0.30155172052684387
-2.6260293774986003,-3.381555239668007
8.70915451857239,8.737425583634089
0.8172290246396354,0.7077901794943593
-8.00438408376523,-7.921618405337258
1.2564348776457677,1.3327975173777478
-0.7421068367108884,-0.35886192567147024
-0.9583012640663304,-1.2344406088969433
1.843750350800256,1.4139346500611918
-7.842041610848145,-6.351317214312143
-2.3010365256370355,-2.5540851822745636
21.06240889106959,21.882405372870444
1.9776259556372693,1.834574673163217
0.7788139484119143,0.0710220945028901
-2.7685228734099274,-2.3044026076017734
0.8279449368379715,0.6419720825200019
9.110391290004223,9.259233444067743
-7.304551458540709,-6.7572609367629095
2.1651304007595376,3.0071581792569724
-8.516536057812605,-8.607120263467646
-1.9508648430539657,-1.576409595760774
2.713371381128809,2.1980040978040774
7.673349875838292,7.877618624063343
16.893638804719608,17.28417444521178
1.555627839452746,1.1914129227208545
5.877779248848828,4.925240452123285
0.4947521382301825,0.830950596566139
-0.8116539123791566,-0.7795447613455773
0.5931571876908599,1.3099031626516244
4.357267824570458,3.2754990581433128
10.540308833614752,10.839962574239216
1.3589594075052769,1.2224513056235713
7.143163327971287,6.9449179039942415
2.734591882386838,3.338375644147092
-0.8596713051710922,-1.358800078237314
2.1199567273662296,2.2959234346337722
8.111814016728486,7.908707624339588
-0.8969251603903768,-0.14110251047664146
-9.350715295469772,-8.799824623845645
-3.957361818943315,-5.072538777629967
0.5113755914980407,0.4026034032191421
-1.5144740081342016,-0.7201881963050165
2.776763606140184,1.636591787341768
-11.483050245619168,-10.963793093141577
10.300509017774226,10.550033974874205
1.0268434418568528,0.25417027383784685
1.3896141137138305,1.401972115954776
16.278838592087954,16.387282388877157
1.4290648138593651,1.1347332005001363
2.2186715130587555,2.041522733718518
0.4275621619213643,0.3060047502019816
2.3127489380501096,1.055157499669515
8.311615776523553,8.193027667531211
-4.115547530579598,-4.4598083234400665
1.109292396561674,0.8489559216107463
-0.9220498804038804,-1.6226922477044168
-1.9615463556221084,-1.89045459290604
15.148401844212056,15.041975607880211
-4.254464923565407,-4.223149210968037
-4.414946617604229,-3.764502058457023
12.057453768113788,11.363557693365507
10.30953728938475,10.40228421260751
-0.2704097783904228,-0.610418610422534
10.106636584456876,8.616554275476954
-2.233397886728323,-1.8036617011405536
-3.235817379434226,-3.6525632990520744
16.274059049284077,16.50135279071192
-1.7117881175565977,-2.2304529504882264
1.0668017195264643,1.1285772755622123
2.472895091741504,1.6297199548867534
1.191515539876352,1.8494386493519703
3.165958856188152,2.84840055962611
1.425174576456027,1.7512108728945202
0.0479596457220401,0.4757304249847316
1.5899419167633342,1.4209000536094698
0.7915763400376212,1.2985725607475176
2.963661829381175,3.105678538408294
2.474911276883378,2.5150310895522194
3.4935407731455435,3.964503803652467
17.356485599777603,17.058715981882713
1.3040596019807718,1.1780218025055054
-3.201023308796682,-2.987767932957913
1.697128455004885,2.61022302418421
11.619400483146457,11.993266846598688
-1.4411494923526018,-1.4087812504072033
12.015566627617243,11.643208832431831
12.224802284226966,12.648595304109856
-0.8603721454781028,-0.8488770163713664
10.07780759103441,9.114234702719138
17.05935153254551,16.78440138269462
7.654776430983843,7.265239620129009
1.2810755254867272,1.14556548715224
-1.4640446773279223,-1.6547717672729916
-3.775959554568922,-3.269173410977469
7.794729447862119,8.03679850994534
0.1019154271941119,-0.02226164256900809
-1.5567325151425666,-1.773014920124775
-5.078910583113165,-5.254208811833674
-8.316325273596203,-8.518848496162096
25.405032750559183,26.374083205793927
-2.6466651414223783,-2.9578008557694404
-3.09726173388142,-3.8612286756386065
1.1036025740743622,0.8428622590977932
6.398728112052368,6.825859972989518
3.693060448440086,3.662919212028883
-7.511349496837156,-6.9861409084298
4.26536172719445,4.77040758490606
7.401275987461719,8.003665494422654
0.0638955407330411,0.03910054878084557
0.6829517919357813,1.1737204688625062
3.3043311915272566,2.8140076552802884
-0.2836397581882031,0.4475728506392831
0.1146898431752545,0.057210597832441756
1.9410623395267872,1.5669573600582394
6.461073967829215,6.3406522818043225
9.835468527709905,9.920840478758889
4.57288852807777,4.954616613829711
25.675740616716784,26.374083205793927
0.0596104639470807,0.16548135908064587
4.2729296531096415,4.421807449841998
4.000503702188061,3.730471351947908
-9.925701223799877,-9.179281196546375
8.513751716837083,8.539412496734524
18.215103914304912,18.004419729187752
1.397456186537556,1.270045344132674
0.6136403541982373,0.4275386159877561
4.689696036148117,5.3498782335694575
7.332330243775602,7.720013919209055
1.2652795658682408,1.5013628079601564
4.333817274611717,4.976200996234123
1.321069057625922,1.0917597936324566
-4.590648982778228,-4.237855595382342
5.3482698488471385,5.481930315799245
-3.389060877306161,-2.773974810369747
0.3878758955088007,0.10512807344014785
-0.4955518620735784,-0.30997136708980344
0.8694482523514204,0.888787190425651
-0.4069793177678203,-0.5052170496531336
-0.2699826519305643,-0.22536068663985187
-1.2867858561268313,-1.584134672310158
0.9898133998551631,0.5369655077366269
-0.2889557945465629,-0.05914034008727276
11.097084823225986,11.025897446477668
-3.679946860675513,-3.9432416774564443
0.411108296732533,-0.24131624722499279
0.6591167781388815,0.783704812642287
13.86935834412862,13.494384073103419
-7.086803557073086,-7.431360990574323
1.6107353719732096,0.9690536074465048
1.3852738274119465,1.7577920217296368
5.031430425572074,5.752112331414388
20.50602518456884,19.973962718057365
10.928208908304878,11.344153641206411
-7.397159468194481,-7.388551762566623
2.829108262536266,2.737507411096387
11.257693937181276,11.357623767067444
4.3326177162115815,4.016910254393239
-4.541601875455101,-4.102278831072459
15.3286331736395,14.499037767213467
-11.197034315756836,-11.928301450573324
-0.2706730766517527,-0.20005355158302018
0.9338678971401158,0.46422543206038247
1.9819833040955892,1.6014235010041238
-0.7432089977019807,-1.0744239897406724
-0.3454283931329829,0.20918967111206044
1.0034278654156374,0.6527557128083588
1.631428318198009,1.3959675844367196
2.897219711231884,2.8127125409331866
1.1329473093684004,2.0536339089074174
9.067926203005635,8.6142038563659
0.990288055933894,0.3040952333143858
-6.098438729780249,-6.415612029068283
4.377254620033395,4.1552162006984545
4.763238312107282,4.0377862787032
5.291806142661413,4.829049073195159
0.9921854514608208,0.9476959931079947
16.38698326373238,16.91558033861224
2.7668553725346454,2.934575887654508
-0.4972442663006497,-0.4939305086730297
8.552818278737451,8.59726283431512
-0.1801406228772348,-0.31506034153884377
-2.9448921809546325,-2.6581728022409266
9.46254114398658,8.88756247423133
15.662991735954977,15.43858982958113
10.587801770401931,10.718209830105645
-0.2541012208602529,0.12733320427843697
0.9642257743000032,1.561735571074234
0.238555969529212,-0.2671729060118446
-1.0467778617672177,-0.5171930414990031
2.268803896548788,2.5921134248456354
-0.0555086109432199,-0.23706110647231737
-2.8909458103125845,-3.2342798369959036
6.914055414481407,6.525767241024001
4.892369736742266,5.234652245403684
7.271678520902324,7.10348275291839
2.340872759220855,2.787253789295324
5.410938716466555,5.017488546026504
-7.564445896094411,-7.69399172688478
7.316839652456277,7.600451660460564
8.747202680260399,8.251568080353278
-3.268285454216747,-3.22936519780836
0.6341232438908679,0.9457957141565101
3.6680362432729887,3.0489310507536493
-7.336901023999322,-7.246003079098733
0.8057312750163848,0.6449582843581729
5.357263591670986,4.697726177463251
0.0980657437791738,0.39346688654174855
2.077747267386885,1.9596516331541107
-0.5252027118103331,0.1834355314648528
7.972131174318558,8.19456629336754
0.6723335948449329,0.4679163585795285
3.5686063669046577,2.4794498387202313
-0.2701431572497054,0.057155682998579316
0.5300971488230203,0.3125750717973186
6.9000511833207065,7.414229816191348
20.58522063972604,19.94374702416899
-3.249162451187128,-2.339347570421032
17.279857875977278,17.058715981882713
-1.8366767411002063,-2.1917977218212754
-3.678466957087599,-3.8149096774468476
1.4399028229503084,0.9331034704623671
2.550082775383875,3.189344011330377
3.407845907014209,3.046054694468088
-2.358943971057305,-2.503698540505426
16.58653758642485,17.058715981882713
-0.3308995299761295,-0.7467889613106449
-0.4469059130076084,-0.7543651961483238
9.337270284472682,9.5433762955702
3.3569483942787484,3.4263766452708255
1.1009551587689324,1.6098504750927436
18.86600250678799,18.406000360650953
2.0215939709583965,1.4801455561591221
4.492043720433907,3.794528314324449
5.195333954688449,5.753166878585587
3.412845369202275,3.972369991729711
2.286180481513321,2.1237928802975823
1.6992459927084136,1.325499278361589
-3.4179081419077204,-2.9246063585740054
-4.245263437629509,-4.239650655540263
0.6524123021859447,-0.5055453930109084
0.5344356375316512,0.742563841787274
-10.103655418983053,-8.367265680567124
5.408284384519691,5.097315094695271
-0.0249787136026707,0.6044744826870334
5.123186116120253,4.402907384646136
2.383388139393268,2.9291714097911044
12.686387592633908,13.264739804232965
0.6015705450371369,0.9876109322799862
-0.0060945080246208,-0.7450529152540066
-4.072229159325767,-4.286746397329049
-5.355717336919063,-4.780052699935327
8.776178772719959,8.854422295634254
5.69915593816243,5.693643002156678
2.2757083667566147,1.636591787341768
-0.8227741789541161,-1.2722459776088217
10.373905468661505,10.325656382117003
-1.4187192786479097,-1.497996809734333
-1.1245302699414583,-1.5918437290449128
1.4933845605269882,1.195953070161919
7.06062037979091,7.224402156401474
10.221082246839025,10.764359690614643
-0.0859635225688193,-0.026916693389561708
0.8966245693033194,0.6503451631996071
-0.0980699389735625,-0.09351149149495042
7.226942769397982,7.13075503908944
1.582307401212564,1.8212081962043196
-7.776493421766858,-7.351042121571345
2.936172303281604,2.3233988615535983
-0.1953405314475286,0.19999756102487276
6.10600061510461,5.217256837267081
5.413835482109438,5.252060431862257
11.929883079251836,11.789640934071976
-1.6484477760186191,-2.2181933709646775
-1.99816746935834,-1.560761199920715
11.552108549338662,11.696416088808112
-3.374949224983961,-3.023693006817944
9.641534879324436,9.162481269065605
-1.8762260305023508,-1.7655108098002734
-6.802264631706969,-6.440833994683215
-9.580041526596858,-9.6262505689975
-1.0906157737899416,-1.3349868905561664
6.898316048518991,6.552537311425796
2.86356776064894,3.5981965452455715
0.361595263274145,0.7507018771260372
0.7763993118845198,0.00409902745749946
0.3651494716953479,0.5732236167404605
9.935217085888858,9.594412398495114
-24.119428324747798,-24.906130185650298
0.7047672821706543,0.7041780340043593
0.8292395619058732,1.674855489120512
0.014625144293007,0.9999512302212121
12.398226178767368,11.620261768514515
0.6906120852852977,1.089728001517913
-9.044380058914976,-8.525758666785688
0.5228053815560385,0.8064195142570756
0.0528233735783262,-0.01961086363652509
-7.6771997156836305,-7.359440974708324
1.1704921994708737,1.8049340547723194
4.695453687583067,4.8711237464495944
0.8653289094505279,1.0802433942774563
7.092418571113357,5.860977524230279
21.546172737555523,22.40809360613128
-3.101447504542722,-2.7327744669389866
1.143018825973818,0.26076994903642703
0.5197884429839161,1.4720637416101816
5.147148614366949,5.04035709186278
3.2293699137297804,3.282723102389759
-1.2533168327500044,-1.1638107108058287
3.669126181174089,3.1692027068419675
4.067682489156281,4.157690446337764
-3.2092506884319505,-2.980743429794021
3.138430582242224,2.933961602960371
-17.5200541968961,-17.157115624082618
3.928399892801703,2.97551675094217
2.067093503838744,2.6115100972575447
16.065254500022764,16.073146689357728
-0.028291505111759,1.178960878980121
1.947601923477334,1.1739120725349563
1.893724942122046,1.1344380162283305
-2.524210372129594,-3.2706937624548718
-3.095438696216162,-2.7139417638156442
5.300632333572599,5.925339649318278
10.252189440113575,11.065546376386282
2.6758899959348947,2.8623578363503386
33.00979408908026,30.73630293880542
-14.514527326201687,-14.112687761416169
0.8396231653983419,0.6197465497863521
6.266782503573852,6.653370038521789
-3.570056566137004,-3.7728519260110507
1.038107326624326,1.1378858734004362
7.669830677345822,7.890895908435176
16.498130037210633,16.507514646512796
0.4917855354942648,1.6576969454834032
-1.2294218127640777,-1.3543615010515864
5.636883524907858,5.6376793740951125
-2.0686775248780283,-0.7116675346960499
-3.82573370815663,-3.318005981085117
6.650928188331397,6.182711078932608
-6.217522841536549,-6.026858754587899
0.4525472944885379,0.08140994032049331
1.0480895181145693,0.9446412308860475
4.833066420090228,4.405419695255612
21.210366995093548,21.88468924581282
-4.225322847490936,-3.3994250385284803
1.8907666524224167,1.472710116234758
1.4439702159882133,1.3972064921001872
1.082483911343182,0.4217829559974646
7.554418874643993,7.561411664752056
5.260625589460728,5.3572801638926855
10.155702773701872,9.850235276758228
2.718041619441183,3.00782794216727
21.995425665173148,21.074767664673196
4.755763766348193,4.265446657405326
7.469705012339929,8.052785974182678
4.522447475122646,4.074849020202142
1.9481012949815808,2.1918171379315865
-7.548041786344402,-7.587031532235578
3.9560849390827952,3.7545147703946347
12.698323095068073,10.871648494126804
10.576220210945529,10.941382835270327
0.7561555957300067,1.0652176890054232
2.753770565257857,2.226853775913587
-0.8545618626152242,-1.101783051557518
1.0333035810026414,1.5151695691794371
3.8884702238923903,4.142255854316948
-21.24852025058675,-20.187302906462833
3.2692356831924974,2.5258416992012034
-0.649636278117016,-0.9977734341551163
15.588793338109303,15.847189755641196
-0.540150455285844,0.4157496245085426
5.29682549396927,4.587031526630023
0.2501335290702253,0.2163750106249256
3.909936724249401,3.5813119244266383
-0.9686100269787784,-0.6688565115917804
4.279444887435151,3.9018962357167855
3.798072719278767,3.33910560651657
19.86615660752086,19.629357077762066
-0.0462026583298662,-0.4267062832527029
14.46620201020868,14.090551849339253
-4.651017025172821,-3.8456459747804503
-0.1318274964391867,-0.06281424859354612
0.4566832211450903,0.7448826387054572
3.900162767210415,3.638880120724912
-3.0874798791153197,-3.0921546764156633
1.61401999091735,1.9508186382850012
1.0777798202713629,1.2688778400314038
-8.12932052113727,-8.369878527363605
1.4567794040144706,1.068272588050796
21.993303260676505,21.214358465396234
-0.1404547161893053,-0.1497713543501482
-0.3119644935194476,-0.23951902213677334
16.571096384364736,16.37789306992287
-4.317984523197643,-4.218014727535887
15.283473896073422,15.001600636533748
-1.9004127051750717,-1.7704081451340214
-4.608288215666232,-4.771969461006599
1.436531501499016,2.1062392862293176
2.6006909209968168,2.92079902911212
13.093972243293145,13.674677700877599
1.5113762943340745,1.5556023627445175
2.298040837641874,2.4222636636200905
-18.701442313300856,-18.7553425013868
8.403846278570596,8.18661406228123
-15.628269414884358,-15.705132219697797
0.013292620860893,0.6257957548611417
20.66606694338062,20.26927039138214
1.2124421974657495,1.0311457327960258
-17.35565956632852,-17.221160848697068
2.9597912126779,3.624228728309699
-1.3174901233533007,-1.3714705619147516
8.707745573389193,8.204059488499793
5.301074936227911,4.646315960355916
1.0801643759535196,1.2604392725478515
17.493087054880665,17.383308339639314
3.1509687754407185,3.368790635207096
-0.5396645215317935,0.14738267513900327
7.917379941020252,7.260314968001788
1.385892787367418,2.5838413505187643
5.583859685318116,4.665977139381569
8.048118640365786,7.4639521935177005
12.14135643054494,11.401284530306153
5.205259374035214,4.499978135099767
-3.75505938955251,-3.4837307303123533
-0.9756673711828704,-0.918138424233446
-20.478294581115826,-20.007546445815574
-0.9217636729919264,-0.28021418478238136
-10.52392394093851,-10.585672045994839
0.6183262218892451,1.509154175042662
-3.355749039747531,-4.6514271389591055
-0.4424134551381352,0.19528245848950387
-1.2495782928261447,-1.0739431212263497
1.1094412453980482,0.1814405780224475
1.8076212010411945,1.4189575816216742
-2.703607232236867,-2.2089758823699976
-6.6758146941806125,-7.254346135318235
-0.5309527616976142,-0.07175785569954618
-3.7478032082848367,-4.771410115353335
20.440703196786995,21.06559089969252
1.0991226614235194,0.9318277747899677
-1.750942370320705,-2.077454139501756
-2.4196599381664905,-1.663049741243832
-3.631585289240439,-3.313464945847341
0.9006147158609634,1.8322378908496906
-0.4018493726280325,0.5242669892172094
0.9071686707971812,0.7886663852764373
-0.4023313250300878,-0.3230264997563692
1.0598775677777037,1.1381014857963745
1.4543715627640803,1.7459526338598703
-0.5789085146274846,-0.08851136475247534
4.66748507815455,4.952354679714383
1.1009018047109458,1.3189761398114472
10.037736644477953,9.62744192381074
11.230120224598982,11.277254699416646
-0.4521273611189302,0.09988419810019122
16.526182238531586,16.261428448929223
3.340638755817027,3.177373326987265
1.1597218288338644,1.6213793294780647
6.267272323524476,6.407624880793815
2.2121855563860966,0.9350683244423905
0.693695578285251,0.9055059684430189
0.3605655434352337,-0.6115910077228861
9.580066545274326,9.031915451223814
-1.0862482794524235,-0.8600413356547505
-4.250602246812928,-3.9265515185303768
-4.5633231997659225,-4.754167296882812
-1.5370397244187044,-1.6768522314351881
0.526755495703183,0.23684701177567158
-0.5672877343603735,-0.846661573100342
0.9839222152166992,0.42215607581599324
5.251389581649142,4.379466384388511
0.1594621034262586,0.3595467174964113
7.046943194769685,7.361152428796739
0.2919169930040661,0.2955687372843552
4.143801761216537,4.606223166808444
-0.4982811160592144,-0.5052077337312366
21.200450182867343,20.759344184879325
6.773700764007671,5.724451836489304
8.71292397949083,8.116420032828653
0.7497670807205573,0.8078973304485386
-2.1026160959027127,-2.0324620740051462
-2.652094195238507,-2.522479375128584
23.17427714428337,23.32986251459128
3.19683078445984,3.6752526509646883
1.2896444122651811,0.21559043750153295
-3.582659361048343,-3.643738813262107
3.737660979524195,3.695166242522859
-1.3423843430294191,-1.1302638266132017
22.05587482107613,21.214358465396234
19.634567897947843,19.334041030882762
15.439440465493169,15.484915317665449
21.708055965068308,21.882405372870444
-6.766504943254763,-6.760982881563555
4.655664541564248,5.963663426848049
-2.0779356960871547,-1.891692858408621
3.779352119153229,3.1792886235058284
6.56293791331168,6.1806499249287015
-1.925305089982174,-1.9362114286337522
-0.7187721410541664,-0.4286004823400078
26.146081441213123,26.293572039785726
1.079087238677838,0.8856363781545928
4.4735270340282,4.810324464968421
-17.04535552965137,-16.750235248084213
7.490614013982508,7.5874227572342505
0.330496067344259,0.061698590380480756
4.594579430264502,4.679933491094424
-8.029571808938208,-8.63444014385203
4.407901897730972,4.482961148069757
3.2232852024452314,3.36697724147807
-1.8160297146028777,-1.1573210320405454
1.755798465201377,1.4878101535068815
3.580450273526383,3.533789221894246
0.8855989271750384,0.7830230146789634
-4.201695438730244,-4.081397827083517
0.2257484162134874,0.33080442097609275
5.694169411312959,6.239240960354309
0.6418404560473383,1.2526157122763524
-0.1638727031563656,0.36458575153685846
9.452198950496072,8.263634372106761
1.463553659412014,1.208247453198615
-0.2520012125214689,0.06340772214627854
6.3285467728596085,6.610642556057446
3.314804280559763,3.2331906750408392
-12.407124202252117,-13.614284035582381
1.5185252841310688,1.0780183084499855
6.958621539205332,6.976495556781488
7.582098877922299,7.192583802257408
0.5608825650994265,0.775093616847859
1.834559807523924,1.1789977392384239
2.42936465799812,3.27442148827078
-0.2251910279464765,-0.008900427134058475
-0.2752904339280752,0.6970329348229067
-3.660896888697093,-4.050081480635779
-0.2885844901962016,-1.3400350747144203
-2.3697270137832054,-3.0166181222773356
1.235082230764236,0.23228872260072797
-9.59444024229325,-9.373076235129181
9.130649550052173,7.610785393427431
-0.3426210729341062,0.7074783929334278
10.231807618182897,10.140728377405953
7.494940056792255,7.912264689628971
1.1806716624337774,1.3520209148445992
1.6425552233426592,1.7000034182788943
4.108783542373792,3.8039672768888497
-3.2139928290358344,-4.222202054636363
5.990250722631694,6.8024090970712905
-3.681678749607313,-3.496491127171963
1.4339245210337768,0.2278520401011792
0.3843941731540289,-0.023377386235970743
-0.956670903963114,-0.7818760030051175
-1.4293951227673127,-1.4186578747575687
6.491767438731984,6.412697562224402
6.1832594345088205,5.946621603691919
1.635110908258668,1.0578051658244347
7.973892704728101,8.527586401429787
4.376811648690964,4.432650009426381
1.7992535731420178,1.2120150527674032
2.374420679985258,2.3730329155365246
4.214610008419736,3.5348871499187853
0.9883831257344752,0.8361906051417576
2.7284496237829874,2.2352899424190924
2.822281901838565,3.1610738643307332
-1.933614496285824,-1.5097041842112073
-1.5727819841651334,-1.9497872058705195
0.3243119975114956,-0.04442834525907191
1.0985524251154102,1.3126294503891343
0.7346305999907652,0.9626517261869452
-6.268313895822043,-7.306811508406602
10.386621919179644,11.354862483227548
3.413164837539415,3.7032263343246106
1.5158489313064365,0.8367123537842156
15.790163893199043,16.55560767105915
7.0908259382672885,7.253770814932611
-0.8466613260771862,-1.1548308707992385
6.938105678060098,6.828672244042684
9.798015160342496,9.789214752663714
1.254561250935356,2.114133925414779
11.988598535029356,12.315363474109335
6.145578523681897,6.058870534197969
2.4153077623507526,2.524238384008771
1.0028414676470023,0.7789219248153492
11.506422224106036,11.954919067793233
-2.3348165590708314,-3.237773349310296
7.8354964633168835,8.012922419046317
26.16803239685716,26.374083205793927
-6.515934034713628,-6.457329510231828
-3.5071386262596533,-3.0494383937961334
-6.607333573410855,-5.9785159618851615
-3.5116210469791964,-3.341505364680278
7.659854739718199,7.737691359990611
7.973487071793082,9.028681428132824
0.2533958026640748,-0.9116542612422558
4.467825712644125,4.48569892692859
1.885175229581367,1.513220147335698
-0.3130620830522845,-0.6810929089966149
6.8941600963060745,7.50040264448794
3.689659421002232,3.22999385428204
13.025281116235474,13.667774052265152
8.29954718909009,8.256080172025046
1.2260178908861037,0.9841353730584059
5.270577462371252,5.518203978651048
0.8513378886836536,1.5879884625063614
-1.1219107648124875,-1.1160301121139424
-1.0575680598691806,-1.2448958038078466
0.9276382014561608,0.8249165141317885
-2.8124177558771577,-2.389216575558388
-1.0565670864233427,-0.9571361260345936
