term_in_standardized_inputs,coefficient_of_standardized_term,term_mean,term_scale
x1,0.0,-6.172840016915871e-17,1.0000000000000002
x2,-0.022031658521567493,-4.196643033083092e-17,0.9999999999999983
x3,0.0690770900718741,1.3988810110276973e-17,0.9999999999999974
x4,0.0,-1.9984014443252817e-17,0.9999999999999962
x5,0.0,9.992007221626408e-18,1.0000000000000007
x6,-0.20231636455160323,-8.348877145181177e-17,1.0000000000000018
x1^2,0.0,1.0000000000000004,0.8036226494691061
x1 x2,0.0,0.4550066404327112,0.8996705903268021
x1 x3,0.0,0.40717041870744175,0.9207440839360514
x1 x4,0.0,0.45227676913912035,0.9070803018954573
x1 x5,-1.3277696317213707,-0.02221346623115903,0.9971862818764903
x1 x6,0.0,0.007208231941957467,1.005357872699564
x2^2,0.0,0.9999999999999967,0.7851148016179699
x2 x3,0.0,0.41961029469348615,0.9094917352396326
x2 x4,0.0,0.4655542768223973,0.8967879978233073
x2 x5,0.05366100297099183,-0.009078481292382893,1.0043110055935653
x2 x6,0.6419842629597309,-0.02182276889195494,0.9868589489969991
x3^2,0.0,0.9999999999999949,0.7793808435306255
x3 x4,0.0,0.44221193408447634,0.9047496077302194
x3 x5,0.0,0.040821755091596065,1.0039679306763243
x3 x6,-0.7392549517507224,0.054722271460111604,1.0004170001101738
x4^2,0.0,0.9999999999999926,0.799799597611394
x4 x5,0.0,0.04955862259933087,0.9959412239627804
x4 x6,0.0,0.03508464537827908,1.0090791200708302
x5^2,0.0,1.0000000000000013,0.8049671519756525
x5 x6,0.0,0.4137477666802643,0.9320090696149695
x6^2,0.7252662016254549,1.0000000000000036,0.7928909656259386
x1^3,0.0,0.02399771070992937,1.732661378884889
x1^2 x2,0.0,0.026746554512218114,1.299818626781933
x1^2 x3,0.07671024942585274,-0.007258449553015921,1.2904696683670493
x1^2 x4,0.0,0.0010715918830825318,1.3115496462303886
x1^2 x5,0.0,-0.010640445402787696,1.2697757109906578
x1^2 x6,-0.4364832123341463,-0.0005049579258406776,1.2897131163208964
x1 x2^2,0.0,0.016176908287561957,1.2860983561491568
x1 x2 x3,0.007086487371224814,0.0069961364455337705,1.0128386354407255
x1 x2 x4,0.0,0.015370754137665463,1.0396151972622072
x1 x2 x5,0.0,0.00020771976419779837,1.0194928456879273
x1 x2 x6,0.0,-0.0001379225199531433,1.0124713134781136
x1 x3^2,0.018821924298443524,-0.0010191833976461245,1.279176531190585
x1 x3 x4,0.0,-0.006632452391751475,1.0169240817194831
x1 x3 x5,0.0,0.02220108942312182,1.005309190034375
x1 x3 x6,-0.015886777214633614,-0.00642353864908989,1.0027481175823971
x1 x4^2,0.0,0.044507691685317784,1.3050116540843912
x1 x4 x5,0.0,-0.02683700880233647,1.0065797665353726
x1 x4 x6,0.0,-0.02319154606183466,1.029125617184508
x1 x5^2,0.0,0.02786690922738413,1.282908460279812
x1 x5 x6,0.002634270729864382,-0.03169343466880816,1.0183101952045066
x1 x6^2,0.12777594473165918,-0.037746909103405966,1.2850695137268011
x2^3,0.0,0.0668053720007371,1.7000527421436773
x2^2 x3,0.05243377074432355,0.03500327508003735,1.2785898198783079
x2^2 x4,0.0,0.022199421654250266,1.283585003295894
x2^2 x5,-0.023083816802842473,0.020778325983724394,1.2778918693306258
x2^2 x6,0.0,0.02922328881709226,1.2432935927459638
x2 x3^2,0.0,-0.0004377137960065274,1.2718531182730277
x2 x3 x4,0.0,0.010768022467080904,1.0230921778692539
x2 x3 x5,0.0,0.0312537817747715,0.9970522066938856
x2 x3 x6,0.0,0.011547987483355455,0.9972714789865029
x2 x4^2,0.0,0.013634815415451463,1.3038960316252777
x2 x4 x5,-0.09414032121014679,-0.04304477486422568,1.0128510248182503
x2 x4 x6,-0.6322271895404087,-0.010019678986826763,1.0082110125850348
x2 x5^2,-0.02256046511499643,0.040678574093828024,1.2905595717478553
x2 x5 x6,0.0,0.0022150528369895514,1.0096677984201592
x2 x6^2,-0.0063675227863600956,-0.0020105879906680284,1.252236065964683
x3^3,0.0,0.05736829088122,1.6910111652966346
x3^2 x4,0.0,0.01894645168690369,1.2767934360772355
x3^2 x5,0.0,0.04094791785990123,1.2768710176009128
x3^2 x6,-0.002803900401986973,0.030690864415483923,1.2744928307415861
x3 x4^2,0.0,-0.0065091579355941835,1.287889328528228
x3 x4 x5,-0.011470326380916539,0.010270738854912247,0.9961618119811869
x3 x4 x6,0.0,0.06145286598672944,1.0258565523845358
x3 x5^2,0.0,0.039955959850446504,1.2889434607680113
x3 x5 x6,0.0,-0.02757876349381603,1.0328866632777747
x3 x6^2,0.0,-0.055874071158890926,1.2729515148189932
x4^3,0.0,0.056052864928214194,1.7272058373392982
x4^2 x5,-0.003069812732213217,0.002446651383641119,1.2763466070322016
x4^2 x6,0.0,0.02013711992280896,1.2946053621640663
x4 x5^2,0.0,0.024392710729869586,1.2771280509224967
x4 x5 x6,0.0,-0.02126502255027086,1.024891816402333
x4 x6^2,0.0,0.0005583789938880695,1.2980378521096143
x5^3,0.0,0.042862109503515856,1.72942908708178
x5^2 x6,0.0,0.027891986059563948,1.316372051832343
x5 x6^2,0.0,0.06884295928967823,1.3124684699531761
x6^3,0.0,0.08672372685277555,1.7160421182702978
x1^4,0.008642957738035728,1.6458093627397412,1.7271211641511381
x1^3 x2,0.004632040973028608,0.7507682634355183,1.5928141199877803
x1^3 x3,0.0,0.6618005672336056,1.6111258909598516
x1^3 x4,0.0,0.7424510303629588,1.6192684007239726
x1^3 x5,0.0,-0.07536589594056192,1.704302935001248
x1^3 x6,0.0,-0.004557380645924392,1.7394305213454793
x1^2 x2^2,0.03440439774204947,1.0164382139368393,1.3153972415388606
x1^2 x2 x3,-0.12218484311952688,0.4625759619715362,1.2216475953485986
x1^2 x2 x4,0.0,0.5114001159589313,1.2532580604586232
x1^2 x2 x5,0.0,-0.08795840520492833,1.3038300933177813
x1^2 x2 x6,0.0,-0.03371734988560283,1.3075210740503733
x1^2 x3^2,0.0,1.0135574179736317,1.2922263847674307
x1^2 x3 x4,0.01568648907902346,0.47286029897944964,1.2214522534681538
x1^2 x3 x5,-0.00619967654703271,-0.017247724220673943,1.2766325994571501
x1^2 x3 x6,0.0,0.037322297134752554,1.2792020990687103
x1^2 x4^2,0.0,1.0273489499896753,1.3474836401844528
x1^2 x4 x5,0.0005485934956162061,-0.020351365918833197,1.2926593672576825
x1^2 x4 x6,0.0,0.010990607045158626,1.3307048130425403
x1^2 x5^2,0.0,0.9948739188446641,1.2955784610277203
x1^2 x5 x6,0.0,0.4327753065673237,1.2227837722705135
x1^2 x6^2,0.0,1.0107964108067211,1.3033105227779136
x1 x2^3,0.0,0.7267437162459965,1.5654178028952073
x1 x2^2 x3,0.0,0.4398985041557265,1.2191563136608292
x1 x2^2 x4,0.0,0.5109582064371584,1.226517943752218
x1 x2^2 x5,0.0,-0.0562681040454817,1.3034767366701645
x1 x2^2 x6,0.0,-0.04085874201404307,1.2837896244993139
x1 x2 x3^2,-0.1688863433225199,0.4866896431091011,1.1922622941710452
x1 x2 x3 x4,-0.008185778685954386,0.31659611419102923,0.9936540493535945
x1 x2 x3 x5,0.11301994605793614,0.01853657040136207,1.0185562845881377
x1 x2 x3 x6,0.0028605270493057416,0.03779241995601098,1.005877265213322
x1 x2 x4^2,0.0,0.5283379586009622,1.2472275627363978
x1 x2 x4 x5,0.0,-0.0331888819746636,1.0427860392653674
x1 x2 x4 x6,0.0,0.01151734612191374,1.0461990390779101
x1 x2 x5^2,0.0,0.4432558606612226,1.2407651792872632
x1 x2 x5 x6,0.02153183707009775,0.19866612571318687,1.026799529893533
x1 x2 x6^2,0.0,0.4548962686429786,1.216256948098112
x1 x3^3,0.0,0.6508368218812944,1.5795366522664003
x1 x3^2 x4,0.0,0.5030716767240053,1.1831601541805088
x1 x3^2 x5,0.0,-0.022930253832048515,1.2764190386315994
x1 x3^2 x6,0.029496221359581107,1.609713058277644e-05,1.2758499971810213
x1 x3 x4^2,0.0,0.4793615771154635,1.2083143125575198
x1 x3 x4 x5,0.0,-0.0011789972685413406,1.0103186760957978
x1 x3 x4 x6,0.0,0.025735683309157868,1.0173344520775156
x1 x3 x5^2,0.0,0.40497759952488677,1.2316964992419657
x1 x3 x5 x6,0.0,0.1724194466687429,1.005209229704552
x1 x3 x6^2,0.33090459323246907,0.4227783009153152,1.203002758823888
x1 x4^3,0.0,0.747996722442494,1.603417691372258
x1 x4^2 x5,0.0,-0.04983662257984677,1.2965719649095284
x1 x4^2 x6,0.0,0.025239465857342328,1.3308904074747478
x1 x4 x5^2,-0.010564102979689214,0.44834202655140964,1.2126037674974983
x1 x4 x5 x6,0.0,0.22557388134460507,1.0203839389311622
x1 x4 x6^2,0.0,0.4789596411495965,1.2432735280317653
x1 x5^3,0.0,-0.01878427544425394,1.7311753901596643
x1 x5^2 x6,0.0,0.015447456538745043,1.3130100533657387
x1 x5 x6^2,-0.349748923557567,-0.0297056576007998,1.314530613787441
x1 x6^3,0.0,0.008083444852316919,1.7343747912828793
x2^4,0.0,1.616405251719623,1.6678266251407272
x2^3 x3,-1.028948916959215,0.6654033190727253,1.5831729412655051
x2^3 x4,0.0,0.7426636161727377,1.545567431653865
x2^3 x5,0.0,-0.017572491669237727,1.7144845529646953
x2^3 x6,0.0,-0.033051974473107745,1.65180631622232
x2^2 x3^2,0.0,1.0032480158819508,1.2834930924668204
x2^2 x3 x4,0.0,0.47654107335652585,1.2205820384916892
x2^2 x3 x5,0.0,0.010860165337772305,1.2652223001480474
x2^2 x3 x6,0.0,0.0236386425347396,1.2641654485116463
x2^2 x4^2,0.03399864365443888,1.0209694977075598,1.3094857674942277
x2^2 x4 x5,0.011578778635912222,0.03082031714232179,1.2840937168710669
x2^2 x4 x6,0.0,0.00922596163514678,1.2663337737313725
x2^2 x5^2,0.17030640169554753,1.0087230147789334,1.2959239713062713
x2^2 x5 x6,0.0,0.38207353397175653,1.2133444452222966
x2^2 x6^2,0.016322923392425435,0.9743668184575736,1.2321432350749366
x2 x3^3,-0.007562924289741662,0.6672287723716587,1.564103919239312
x2 x3^2 x4,0.0,0.503762963017035,1.1958166698122727
x2 x3^2 x5,0.009476944126842985,-0.015647861463704407,1.2628033490759176
x2 x3^2 x6,0.0,0.0015480532099201945,1.2759549754672528
x2 x3 x4^2,0.0,0.4887518926179666,1.2286272648559615
x2 x3 x4 x5,0.0,0.01615133349804462,1.006765817847383
x2 x3 x4 x6,0.0,0.028298269715506245,1.0311951199903495
x2 x3 x5^2,0.0,0.4044938081566293,1.2115851155510964
x2 x3 x5 x6,0.0,0.16709063396346957,1.0060502173867474
x2 x3 x6^2,0.0,0.4322592505394615,1.1891893870834975
x2 x4^3,0.00796732338995602,0.790480067498935,1.581102082986473
x2 x4^2 x5,0.10222261923614546,0.001328655452886049,1.3113364812899215
x2 x4^2 x6,0.01954421147823212,0.0012466084179250012,1.30281117453693
x2 x4 x5^2,0.016487133879147436,0.42693089865344647,1.2288507805757831
x2 x4 x5 x6,0.005177984556749955,0.182938655524073,1.010152055210998
x2 x4 x6^2,0.0,0.4556136019288131,1.2040918780506737
x2 x5^3,0.12964008586509512,-0.002060146339162846,1.739994229507757
x2 x5^2 x6,0.0,-0.00918648777996323,1.3044826895755905
x2 x5 x6^2,0.04338677549537333,-0.03479793028328189,1.2949029660134685
x2 x6^3,0.0,-0.040674920262284406,1.6803048211970177
x3^4,0.0,1.6074344992625167,1.6498581018175378
x3^3 x4,0.0,0.6868643451691172,1.5588681889757028
x3^3 x5,0.0,0.0840585270429781,1.704429743356263
x3^3 x6,0.0,0.10091383088666472,1.7016811186670622
x3^2 x4^2,-0.39479009364883033,1.0141232473347206,1.2762227296500792
x3^2 x4 x5,0.0,0.04914978322778908,1.2579422606440924
x3^2 x4 x6,0.0,0.05322479978415563,1.3106647370809459
x3^2 x5^2,-0.30816647955303594,1.0096180215152555,1.2903312011251948
x3^2 x5 x6,0.0,0.40511967660337606,1.2513865290857105
x3^2 x6^2,0.018062452045085095,1.0038287011031948,1.273683014394113
x3 x4^3,0.0,0.7182936055773484,1.5818624399404906
x3 x4^2 x5,0.010887009287285176,0.03717905699803938,1.266953111018587
x3 x4^2 x6,0.0,0.05723484113793195,1.316804695781706
x3 x4 x5^2,-0.001957750783054331,0.41556356677195594,1.2009417226488688
x3 x4 x5 x6,0.0,0.2092852998587168,1.0261829909497402
x3 x4 x6^2,0.0,0.4638461980079869,1.232755701384646
x3 x5^3,0.0,0.08571518521284677,1.7354570289116455
x3 x5^2 x6,-0.042064210208848984,0.07060714824015635,1.3261816741505406
x3 x5 x6^2,-0.010549270584899245,0.051921379808038896,1.3297702394217266
x3 x6^3,0.0,0.0628109071848683,1.7096492951391686
x4^4,0.0,1.63967939633934,1.724491043829703
x4^3 x5,0.0,0.08790055344780184,1.720412082758869
x4^3 x6,0.0,0.07851941120285195,1.7477366516220545
x4^2 x5^2,0.48993842425259493,0.9943549786624252,1.2954009757870888
x4^2 x5 x6,0.0,0.4430778427282591,1.2360380703229321
x4^2 x6^2,0.0,1.0194716029042419,1.3215964243258935
x4 x5^3,0.0,0.08745775875847861,1.7157571517272072
x4 x5^2 x6,0.0,0.05446028603631851,1.316647162870882
x4 x5 x6^2,0.0,0.044984969738876286,1.3309477511874483
x4 x6^3,0.0,0.058375155712921026,1.7537636482704768
x5^4,0.0,1.6479721157597924,1.7087145278219942
x5^3 x6,0.0,0.6807913819629687,1.644307554228889
x5^2 x6^2,-0.03104852036602481,1.0398281202774682,1.345778597815864
x5 x6^3,-0.022452800217061454,0.6921139371222077,1.6418465624755603
x6^4,0.4353230951078812,1.628676083371234,1.7146378535459146
x1^5,0.11296833097141673,0.09239385279883512,3.313168399803516
x1^4 x2,0.0,0.07111706683718354,2.427986155714838
x1^4 x3,0.0,0.010018698217277666,2.3971428386849456
x1^4 x4,0.0,0.03270838327485691,2.461330899271238
x1^4 x5,0.0,-0.03422776767968903,2.339835306688373
x1^4 x6,0.0,-0.01299793396258729,2.3914439424031126
x1^3 x2^2,0.0,0.06119109721923748,2.2529908434672588
x1^3 x2 x3,0.0,-0.002899601335306197,1.769547384908296
x1^3 x2 x4,-0.001641312979346535,0.027466572832882754,1.8447394061037694
x1^3 x2 x5,0.0,-0.00816261161766793,1.760794612956978
x1^3 x2 x6,0.0,-0.0201187433087469,1.768757682473199
x1^3 x3^2,0.11642440745923618,0.004107027601476621,2.2186663394756287
x1^3 x3 x4,0.0,-0.018837257056872024,1.7749462159290843
x1^3 x3 x5,-0.0034525764019223224,0.03155240671456357,1.711233509272572
x1^3 x3 x6,0.0,-0.010286334811838271,1.7198968188981667
x1^3 x4^2,0.0,0.07805441173633694,2.304261307550051
x1^3 x4 x5,0.0,-0.07259124577884177,1.7460761566692116
x1^3 x4 x6,0.0,-0.03274029052690924,1.8045232815144396
x1^3 x5^2,0.018497625555251737,0.07590224664191042,2.192784336862375
x1^3 x5 x6,0.0,-0.01792553037989139,1.7405173686130115
x1^3 x6^2,0.0799428771524804,-0.024368623819785114,2.2233802101254447
x1^2 x2^3,0.0,0.12580468180871013,2.230709722641333
x1^2 x2^2 x3,0.0,0.04521525612885134,1.6740512752800192
x1^2 x2^2 x4,0.0,0.05595197477087996,1.7342495856155247
x1^2 x2^2 x5,0.0,-0.012210652269551708,1.6764463633315347
x1^2 x2^2 x6,0.0,0.026890106837209483,1.66446203880819
x1^2 x2 x3^2,0.03909283906723324,0.013947536947711128,1.6647679780754479
x1^2 x2 x3 x4,0.00364960073563172,0.01292223950973506,1.3500950224521322
x1^2 x2 x3 x5,0.0,0.026959016592771484,1.3081974022141372
x1^2 x2 x3 x6,0.0,0.00729629692926523,1.290967276313367
x1^2 x2 x4^2,0.0,0.051718696805304915,1.7686689448181014
x1^2 x2 x4 x5,0.0,-0.0780825530989114,1.3444882485832177
x1^2 x2 x4 x6,0.0,-0.028286744593149612,1.3619947250110829
x1^2 x2 x5^2,0.0,0.10053577311901665,1.6863518842334873
x1^2 x2 x5 x6,0.0,0.0635330557544167,1.3453147828667185
x1^2 x2 x6^2,0.0,0.01861446753078076,1.6812948548439142
x1^2 x3^3,0.0,0.035177847660688016,2.1951110797493554
x1^2 x3^2 x4,0.0,-0.004037809563882815,1.656140835946311
x1^2 x3^2 x5,-0.40534410388340425,0.04200096231407898,1.621378036417809
x1^2 x3^2 x6,-0.05623656317296925,0.019064549051710063,1.627557192692099
x1^2 x3 x4^2,0.0,-0.03106897885113158,1.6756499472851492
x1^2 x3 x4 x5,-0.0742303605668125,-0.017854853615450195,1.2945482930617245
x1^2 x3 x4 x6,0.0,0.04641232662581523,1.299099576509799
x1^2 x3 x5^2,0.02114031590917971,0.0725972292828045,1.6452489832998205
x1^2 x3 x5 x6,0.0,0.014376489069244157,1.2897449830901868
x1^2 x3 x6^2,-0.11775369027874323,-0.04357233785084098,1.6244547196222867
x1^2 x4^3,0.0,0.06813535101935245,2.2993025056984195
x1^2 x4^2 x5,0.0,-0.029361486775187275,1.6699955622257143
x1^2 x4^2 x6,0.0,0.01212782988418642,1.7256536064135084
x1^2 x4 x5^2,0.0,0.04720674108350771,1.659360306148078
x1^2 x4 x5 x6,0.0,0.016275958488699248,1.3425255384158523
x1^2 x4 x6^2,0.01608701652255134,0.009302916035052882,1.7272557082783229
x1^2 x5^3,0.0,0.04639621321753978,2.2033118354568386
x1^2 x5^2 x6,0.0,0.012255394315361958,1.6701469759608887
x1^2 x5 x6^2,0.0,0.07323884906168385,1.6740073224530676
x1^2 x6^3,-0.03006558095574196,0.10502008354944686,2.222751351452918
x1 x2^4,0.046267953693283306,0.07778924840936703,2.3608152391589625
x1 x2^3 x3,0.0,0.052546680772293845,1.7433343657929672
x1 x2^3 x4,0.0,0.07004673213717899,1.7810465093347003
x1 x2^3 x5,0.0,0.01273385451676989,1.7558755682824245
x1 x2^3 x6,0.0,-0.0022915213747322035,1.7144402610450058
x1 x2^2 x3^2,0.03649435010182384,0.029938145512298783,1.6516543253023162
x1 x2^2 x3 x4,0.0,0.008023063100796148,1.340731264427351
x1 x2^2 x3 x5,0.0,0.05384053449903038,1.298014520509422
x1 x2^2 x3 x6,0.0,0.02231911350155896,1.2765111449020372
x1 x2^2 x4^2,0.3104824484256119,0.079096593027673,1.7327170030130887
x1 x2^2 x4 x5,0.0,-0.01920949752719772,1.3300333183528164
x1 x2^2 x4 x6,0.0,0.014337796397117755,1.3243398246716374
x1 x2^2 x5^2,0.0,0.05795128484742227,1.6867163670741652
x1 x2^2 x5 x6,0.0,-0.00582981925036021,1.330608074742435
x1 x2^2 x6^2,0.0,-0.02420388830168246,1.6437430897698897
x1 x2 x3^3,0.11477713456141542,0.037120945808346635,1.722631187374479
x1 x2 x3^2 x4,0.0,0.027229537371350532,1.3160329620272506
x1 x2 x3^2 x5,0.08877526226881399,0.025465660527797914,1.2885890359656103
x1 x2 x3^2 x6,0.0,0.03880713181615,1.283691545747114
x1 x2 x3 x4^2,0.0180979450116221,0.003053459322479968,1.3492371874947606
x1 x2 x3 x4 x5,0.0,0.007735395262951713,1.0363351368502458
x1 x2 x3 x4 x6,0.0,0.028883134382096477,1.02747126848535
x1 x2 x3 x5^2,0.0,0.05901954610641262,1.3173608421085425
x1 x2 x3 x5 x6,0.0,0.05543467713891427,1.0368920940439939
x1 x2 x3 x6^2,0.0,0.012469399061007535,1.2869947617447224
x1 x2 x4^3,0.0,0.06648882346687701,1.8469550366230385
x1 x2 x4^2 x5,0.0,-0.026831747119232658,1.3597640811302467
x1 x2 x4^2 x6,0.0,-0.03144066900004322,1.364034529719537
x1 x2 x4 x5^2,-0.028070650175560465,0.07720588031221888,1.3420142577377467
x1 x2 x4 x5 x6,-0.09044913254348845,0.0264716157188728,1.082289438490004
x1 x2 x4 x6^2,0.0,-0.003430194455038274,1.3523827102678176
x1 x2 x5^3,0.0,0.044040543682382804,1.7790057678781614
x1 x2 x5^2 x6,0.0,-0.005998414425223779,1.357643471009738
x1 x2 x5 x6^2,0.0,0.039273516193824,1.3565824207043433
x1 x2 x6^3,-0.013790498158554154,0.05154700632869087,1.7556791036923824
x1 x3^4,0.0,0.03929444565260841,2.3258125375898575
x1 x3^3 x4,0.0,-0.007325528740438321,1.7121537907674922
x1 x3^3 x5,0.0,0.05001830095154776,1.7020029010196278
x1 x3^3 x6,0.0,-0.009204881513403524,1.7049629636557937
x1 x3^2 x4^2,0.020307481096824828,0.03589649188766331,1.636047240108461
x1 x3^2 x4 x5,0.0,-0.01833961415157721,1.2725283706638388
x1 x3^2 x4 x6,0.0,-0.011234890757851765,1.2831087589653407
x1 x3^2 x5^2,0.15054295229267864,0.05287345662521893,1.641655967428116
x1 x3^2 x5 x6,0.0,-0.016773847414999103,1.288874857771088
x1 x3^2 x6^2,-0.45302855040258905,-0.04910145805312607,1.621589568020305
x1 x3 x4^3,0.0,0.009169220314626818,1.7535961089625123
x1 x3 x4^2 x5,0.0,0.04277415286381174,1.2941800783843511
x1 x3 x4^2 x6,0.0,0.0008563582149673895,1.3036882382557533
x1 x3 x4 x5^2,0.009477240637206464,0.01758068319221985,1.2965507020369287
x1 x3 x4 x5 x6,-0.008300543519662496,-0.03370008422976902,1.0353500030357978
x1 x3 x4 x6^2,0.0,-0.02093754310485034,1.3074092369422499
x1 x3 x5^3,0.0,0.04288303262258717,1.7526972678485735
x1 x3 x5^2 x6,0.0,-0.014579832465426905,1.3093146945083998
x1 x3 x5 x6^2,0.008492055504868002,0.06995185581120619,1.31034927323246
x1 x3 x6^3,0.0,0.050882657911497875,1.7116084826428282
x1 x4^4,0.0,0.12110234465985124,2.440611246685561
x1 x4^3 x5,0.0,-0.0488201626378625,1.7594920880502032
x1 x4^3 x6,0.0,-0.0497594950018004,1.8067810559813273
x1 x4^2 x5^2,0.0,0.10920125813129469,1.6618570609095593
x1 x4^2 x5 x6,0.0,0.021460888950032085,1.3562602205980412
x1 x4^2 x6^2,0.04618075687392758,0.045066737602099116,1.7280401969661758
x1 x4 x5^3,0.0,-0.019526984349821697,1.7391597875010336
x1 x4 x5^2 x6,0.0,-0.04215365196010741,1.3437946049392822
x1 x4 x5 x6^2,0.0,-0.028001657122331398,1.365252206685387
x1 x4 x6^3,0.0,0.014921629132657951,1.8109323729974591
x1 x5^4,0.0,0.0467321227922525,2.3766156695714384
x1 x5^3 x6,0.0,-0.030755895234237038,1.7723714996869415
x1 x5^2 x6^2,0.0,-0.010818268015959325,1.6975691727223727
x1 x5 x6^3,0.0,-0.08446564619751337,1.7832203590065066
x1 x6^4,0.0,-0.08791753220670816,2.3903521463880124
x2^5,0.0,0.2474636135821099,3.1946269792403617
x2^4 x3,0.0694345422307803,0.11216108005518359,2.3480682239941153
x2^4 x4,0.0,0.0939255587270419,2.335517076030698
x2^4 x5,0.0,0.03348090215500054,2.3479438052653823
x2^4 x6,0.0,0.0429026310884418,2.241944336394275
x2^3 x3^2,0.0,0.08156649701452584,2.1918559529350174
x2^3 x3 x4,0.0,0.04105803578131024,1.7588033245937833
x2^3 x3 x5,0.0,0.06240428641434165,1.695814877148512
x2^3 x3 x6,0.0,0.05162910800022747,1.6861001712516641
x2^3 x4^2,0.0,0.0982680035550559,2.2181847659498253
x2^3 x4 x5,0.0,-0.0627541020190057,1.715170090573254
x2^3 x4 x6,0.0,-0.003637755473746555,1.675029937108814
x2^3 x5^2,0.0,0.15455355524422906,2.19765466785495
x2^3 x5 x6,0.0,0.03325041586365377,1.694398977762241
x2^3 x6^2,0.0,0.04511905193321468,2.080145039376131
x2^2 x3^3,0.0,0.11473887369159085,2.1800751170298938
x2^2 x3^2 x4,0.0,0.04766096087993265,1.6661458891576584
x2^2 x3^2 x5,0.0,0.07312897753260521,1.6007976145926077
x2^2 x3^2 x6,0.0,0.06802025707356675,1.622614957124595
x2^2 x3 x4^2,0.0002530646559613086,0.018265672413054938,1.6986584834884346
x2^2 x3 x4 x5,0.0,0.005010370129916474,1.276082501902142
x2^2 x3 x4 x6,0.0,0.07037409006612264,1.3084331740032802
x2^2 x3 x5^2,0.0026855406429145724,0.09976099803679009,1.6125480814100477
x2^2 x3 x5 x6,0.0,0.040778414208350586,1.286206615720756
x2^2 x3 x6^2,0.0,-0.01038650836293032,1.6000613625185758
x2^2 x4^3,0.0,0.12287994674946197,2.251944804137802
x2^2 x4^2 x5,-0.5770815904352425,0.02195338433178914,1.6649061089751778
x2^2 x4^2 x6,0.0,0.05294260197992568,1.6373348310669615
x2^2 x4 x5^2,-0.17131300091470333,0.054231491677426726,1.6456964495534487
x2^2 x4 x5 x6,0.0,-0.010163587139856326,1.286621352279343
x2^2 x4 x6^2,0.0,0.010674746478299751,1.608430205962197
x2^2 x5^3,0.0,0.08379556003780221,2.2103479832196204
x2^2 x5^2 x6,0.0,0.028832745835481843,1.6418857536014924
x2^2 x5 x6^2,0.0,0.05901835209543914,1.6239171153873189
x2^2 x6^3,0.0,0.14876312885629034,2.097317264592336
x2 x3^4,0.0,0.032050101135973875,2.3183872541896924
x2 x3^3 x4,0.0,0.03151758111978785,1.7326081813309178
x2 x3^3 x5,0.0,0.059879676779888744,1.6841669806017994
x2 x3^3 x6,0.0,0.009486131397882678,1.7129008085890585
x2 x3^2 x4^2,0.0,0.013471971364341214,1.6751552558775096
x2 x3^2 x4 x5,-0.15654804797231514,-0.006004078127743167,1.264228849962364
x2 x3^2 x4 x6,0.0,0.03555564307220467,1.316770916885998
x2 x3^2 x5^2,0.0010476076766457905,0.03332003210498059,1.6138181761380481
x2 x3^2 x5 x6,0.0179264490882974,0.007918496718951736,1.2980616777512697
x2 x3^2 x6^2,0.0,-0.017269779409738936,1.6231748350669308
x2 x3 x4^3,0.0,0.03179975719766974,1.7948025884401382
x2 x3 x4^2 x5,0.0026900197448701847,0.048807964268516676,1.3003668730318276
x2 x3 x4^2 x6,0.0,0.0415023693159331,1.333443267847405
x2 x3 x4 x5^2,0.0,0.061366433646340986,1.2812978959052495
x2 x3 x4 x5 x6,0.010748785020287062,0.023067795229959404,1.0493661132547596
x2 x3 x4 x6^2,0.0,0.021555420234689614,1.3179659748945185
x2 x3 x5^3,0.0,0.06704339305015627,1.7167111358070888
x2 x3 x5^2 x6,0.00739547958270695,-0.0038555331675798284,1.306891528032282
x2 x3 x5 x6^2,0.0,0.0694878576393976,1.3101365729075565
x2 x3 x6^3,0.0,0.04427250468151998,1.6965872912766797
x2 x4^4,0.0,0.07790405799156123,2.4402808145742814
x2 x4^3 x5,0.0,-0.054925442342283685,1.7804358477856832
x2 x4^3 x6,0.0,-0.00501336064307017,1.7671506068312703
x2 x4^2 x5^2,0.0,0.08318502162099914,1.679782039163917
x2 x4^2 x5 x6,0.01237390794597388,0.020658717276757214,1.327927056417858
x2 x4^2 x6^2,0.0,0.04195737486954224,1.6669655948818614
x2 x4 x5^3,0.0,-0.04060967231499648,1.7492787795143043
x2 x4 x5^2 x6,0.0,-0.005150613488061458,1.3175360838273464
x2 x4 x5 x6^2,0.0,-0.026130210058522903,1.327174637665054
x2 x4 x6^3,-0.09227675043270679,0.03794722519870796,1.7337778561603852
x2 x5^4,0.0,0.05835948725812601,2.386174167525827
x2 x5^3 x6,0.0,0.008135532875082169,1.7621073824819111
x2 x5^2 x6^2,0.0,0.06402278651623475,1.6789950511180314
x2 x5 x6^3,0.022597953392236456,0.007790680982245889,1.7518166695415636
x2 x6^4,0.0,0.0072664946709833245,2.310453215219936
x3^5,0.0,0.1943041594439903,3.1613314681517157
x3^4 x4,0.0,0.06264285182364741,2.3175157412554457
x3^4 x5,0.0,0.0829687970238523,2.3227572870605036
x3^4 x6,0.0,0.06990480147079886,2.3218231043150968
x3^3 x4^2,0.0,0.03534819837294421,2.172103237091506
x3^3 x4 x5,0.0,0.041242885795226183,1.674338222311857
x3^3 x4 x6,0.0,0.1057645851781314,1.753596689609428
x3^3 x5^2,0.0,0.10993863967928688,2.183806517639052
x3^3 x5 x6,0.0,-0.0021319515473854594,1.7583440739786036
x3^3 x6^2,-0.6798601862714471,-0.027296248126635544,2.1696227423607275
x3^2 x4^3,0.0,0.05862469932022851,2.1961784182770954
x3^2 x4^2 x5,-0.024360776610327775,0.07508428003961322,1.5928515898892566
x3^2 x4^2 x6,0.0,0.046399580892870766,1.6804038336570288
x3^2 x4 x5^2,0.0,0.05718523390650544,1.6013374684045132
x3^2 x4 x5 x6,0.0,-0.006556222323298766,1.326074438198005
x3^2 x4 x6^2,0.0,0.021946620257600226,1.6819163699663673
x3^2 x5^3,0.0,0.10677166537661566,2.20341848372355
x3^2 x5^2 x6,0.010120853114887255,0.07057749706830718,1.6839078476822038
x3^2 x5 x6^2,0.0,0.09270061815805178,1.6901337067788103
x3^2 x6^3,0.0,0.11761538097271593,2.173000900546167
x3 x4^4,0.000246472616598558,0.016790588219361312,2.392393805926968
x3 x4^3 x5,0.0,0.0527001014060961,1.7076509139950349
x3 x4^3 x6,0.0,0.08614924424469055,1.7799415689192046
x3 x4^2 x5^2,0.0,0.04982148683273769,1.611311487376463
x3 x4^2 x5 x6,0.0,-0.012118667779236618,1.3398544093376212
x3 x4^2 x6^2,0.0,-0.0090810805178552,1.6918718910204904
x3 x4 x5^3,0.0,0.03910342476643448,1.7085024316016213
x3 x4 x5^2 x6,0.003210191914224071,0.06646166442389168,1.3346304368895896
x3 x4 x5 x6^2,0.0,0.012352086990930449,1.3579411617734012
x3 x4 x6^3,0.0,0.12637329024020616,1.7694871200847364
x3 x5^4,0.0,0.05357063417189363,2.3846388585232257
x3 x5^3 x6,0.0,-0.026340088753154838,1.788441477081347
x3 x5^2 x6^2,0.0,-0.0020259929381529203,1.7107642606933418
x3 x5 x6^3,0.0,-0.08616819722398551,1.7988454272743957
x3 x6^4,-0.1920157360442169,-0.11134971398658086,2.3477125368869673
x4^5,0.0,0.1983434006777234,3.303663489143667
x4^4 x5,0.0,0.006804646377519436,2.372915707169133
x4^4 x6,0.0,0.03911553928323337,2.41171231243956
x4^3 x5^2,-0.2789448562000113,0.12018521274144144,2.198979634477044
x4^3 x5 x6,0.0,0.01772776682733666,1.7736604164788725
x4^3 x6^2,0.0,0.08394380782979124,2.2579837932837874
x4^2 x5^3,0.0,0.03193148972888419,2.194040201580436
x4^2 x5^2 x6,0.0,0.023694562384296052,1.6860317277903345
x4^2 x5 x6^2,0.0,0.050170152526802174,1.7081517252457508
x4^2 x6^3,0.0,0.14656294037789075,2.2556732592493476
x4 x5^4,0.0,0.025434086681046453,2.3538053180071987
x4 x5^3 x6,0.0,-0.023917809655711175,1.77304450431988
x4 x5^2 x6^2,0.0,0.03610847707569611,1.7148408207149783
x4 x5 x6^3,0.2847661361847791,-0.03212445610452516,1.8115555337830995
x4 x6^4,0.0,0.01817164775516935,2.421950344180484
x5^5,0.0,0.18756374098858958,3.282349943961753
x5^4 x6,0.0,0.08363712902806528,2.4464110861386907
x5^3 x6^2,0.0,0.15174851591500488,2.296366166689151
x5^2 x6^3,0.452157978122933,0.14135797393674052,2.305673377821325
x5 x6^4,0.0,0.19342634034127873,2.4576716168596886
x6^5,0.0,0.3114158248005702,3.2800335210416205
